fitted_transport_coefficient,ua
0.0449345868216922,-0.004890631661818855
-0.004890631661818855,0.012149420528839236
